Name,PhoneNumber,Address
"Anastacio Miller",+1-651-417-2685,"476 Bahringer Road
Reggieton, SD 21902"
"Adaline Lakin","(956) 481-9744","21635 Garnett Junction
East Moshestad, NH 89706-9653"
"Kaylin Watsica","+1 (239) 274-4742","8846 Hoppe Bridge Suite 656
South Clementton, AR 78832-7949"
"Raina Barrows","(805) 410-0749","3928 Buford Turnpike Suite 594
Hudsonfurt, WA 93998-8558"
"Melissa Volkman",234.690.7937,"4236 Schaefer Knoll
East Camillemouth, AZ 61064"
"Retha Kovacek",1-737-986-6157,"2478 Edwina Plain Apt. 258
Rorybury, SD 28444"
"Zackary Smitham",239-648-8343,"154 Wiegand Islands
Rohanbury, AZ 60071"
"Sam Runolfsson","(909) 666-9177","5737 Noemi Brooks
East Cecelia, MN 43211"
"Prof. Peter Donnelly",+16783613763,"6179 Jeromy Plain Suite 663
West Oral, KS 86661"
"Emelia Lehner",848-596-6696,"990 Lockman Ville Suite 996
Huelborough, MT 48341-7488"
"Kelton Lueilwitz",+1.612.396.7058,"6499 Boehm Walk Suite 464
New Ameliefort, MO 21338-5181"
"Mr. Jordyn Roob Sr.",+15162166800,"9926 Jalen Mountains
New Carmen, SC 39933-8664"
"Miss Mireille Batz",+1-864-506-7390,"925 Zetta Islands
Mrazbury, ND 71922"
"Breana Windler",+1-484-563-8757,"327 Krajcik Plains Apt. 897
South Willy, IL 22961-8715"
"Amya Weimann",+16292200193,"75864 Buckridge Track
South Orville, HI 18344"
"Emery Trantow",1-419-933-4841,"733 Schoen Port Suite 322
Harrisborough, NV 66797-5686"
"Elaina Johnston",1-360-568-6184,"32792 Watsica Keys
Corwinland, GA 41454"
"Tia McGlynn Jr.",986.446.6179,"2606 Noemy Cliff
North Waynechester, AK 99835"
"Jennifer Bednar",219-460-2365,"869 Ullrich Square
Kayliborough, NM 00482-7601"
"Lorenza Mayer I",828-646-2480,"94981 Kreiger Springs Apt. 444
Port Connie, KY 12326-8409"
"Velva Cartwright",281-451-1556,"306 Garret Fort Suite 004
South Shyannemouth, TN 85215"
"Lonnie Koss PhD",+16317275347,"5551 Kuhlman Hollow
West Zetta, NJ 43379"
"Giles Hauck",1-703-975-3948,"883 Maggio Course Apt. 334
West Trisha, AR 48536"
"Miss Lily Keebler DDS",+1-785-236-6705,"82308 Koch Summit
Durganbury, AK 20073"
"Loma Kuhlman",+12313086025,"315 Annabell Extension
Port Lue, WV 04718-8503"
"Brenda Hyatt","+1 (612) 663-9865","3252 Armando Mountain Apt. 569
Krajcikport, AZ 75108-3915"
"Laurel Farrell",870-481-3730,"21250 Hollis Squares
Williamsonshire, MT 83912-4924"
"Delilah Bechtelar DVM",651-372-7607,"102 Mitchell Pass
South Abdiel, KS 98148"
"Garth Rohan",458-708-1708,"95073 Boyle Lane
Carterchester, DC 56281"
"Dr. Nolan Schneider","+1 (283) 849-4983","5251 Joshua Lakes Suite 913
Minniehaven, SC 66870-1039"
"Amir Rice",458-999-2243,"316 Ali Square
New Archibald, AK 58260"
"Miss Hollie Brekke",+12673744331,"1738 Yost Avenue
North Althea, MN 13534-6331"
"Leilani Nolan",+16824406353,"27754 Jast Shoal
Judefurt, CO 67242"
"Blanche White",781-649-9419,"435 Reilly Prairie
Fisherchester, MT 71383"
"Mrs. Eda Steuber PhD",+1-518-672-3421,"7083 Von Lane
Smithshire, DE 30540"
"Miss Chanelle Vandervort",+1.857.580.7755,"381 Kuphal Lake Apt. 053
North Jessycashire, TN 85522"
"Gianni Fadel",1-551-600-6744,"6668 Chanel Gateway Suite 632
Amytown, MO 71786"
"Edyth Heathcote DVM",678-539-0045,"8672 Wisoky Inlet
Ruthieton, NM 41878-2247"
"Brett Herman",+1-980-832-9138,"54023 Betsy Vista
Olsonville, CA 75026-5837"
"Dr. Delbert Rippin Jr.",678.549.1332,"576 Myah Trace
New Claudie, KY 59232-9278"
"Joany McClure PhD",+1-364-620-0106,"3586 Ernest Glens
West Benjaminfurt, PA 13305-5864"
"Jorge Kirlin","(860) 850-1648","67480 Lowe Island
North Angeline, DE 57775"
"Howard Sauer",+1-262-338-9826,"52875 Lang Springs Suite 392
Fritschmouth, NJ 30081"
"Allene Rice",+17818691774,"7253 Effertz Route
Valentinview, AZ 75124-5151"
"Amari Reynolds",678.859.3370,"601 Ullrich Course
Lake Lavada, MS 45348"
"Dora Nolan IV",843-214-9058,"175 Glen Glen
Emmetbury, DE 46331"
"Prof. Danielle Turner","(562) 218-4004","6203 Maryjane Estates Suite 160
Port Madisonburgh, HI 17671"
"Geovanni Gutmann DDS",1-949-490-1412,"18679 Labadie Bridge Apt. 065
Framiberg, SD 23108-7688"
"Prof. Kasey Little",380-967-5621,"476 Lowe Bypass Suite 215
West Gideonmouth, WA 13783"
"Prof. Consuelo Schmitt","+1 (760) 464-7198","262 Carter Burg Suite 001
Millerhaven, DE 57128"
